<?xml version="1.0" encoding="utf-8"?>
<ViewContext xmlns="http://www.opengis.net/context" version="1.1.0" id="OpenLayers_Context_1020" xsi:schemaLocation="http://www.opengis.net/context http://schemas.opengis.net/context/1.1.0/context.xsd" xmlns:xsi="http://www.w3.org/2001/XMLSchema-instance">
	<General>
		<Window width="1159" height="375"/>
		<BoundingBox minx="2.72463075465205984" miny="50.3806192967914015" maxx="9.09120790194947048" maxy="51.6760752184878953" SRS="EPSG:4326"/>
		<Title/>
		<Extension>
			<ol:maxExtent xmlns:ol="http://openlayers.org/context" minx="-179.999996920671833" miny="-85.0511285141629827" maxx="179.999996920671833" maxy="85.0511285141629827"/>
		</Extension>
	</General>
	<LayerList>
		<Layer queryable="0" hidden="1">
			<Server service="OGC:WMS" version="1.1.1">
				<OnlineResource xlink:type="simple" xmlns:xlink="http://www.w3.org/1999/xlink" xlink:href="http://129.206.228.72/cached/osm"/>
			</Server>
			<Name>osm_auto:all</Name>
			<Title>OpenStreetMap WMS</Title>
			<Abstract>OpenStreetMap is a free worldwide map.</Abstract>
			<FormatList>
				<Format current="1">image/jpeg</Format>
			</FormatList>
			<StyleList>
				<Style current="1">
					<Name/>
					<Title>Default</Title>
				</Style>
			</StyleList>
			<Extension>
				<ol:maxExtent xmlns:ol="http://openlayers.org/context" minx="-179.000000000000000" miny="-67.0000000000000000" maxx="179.000000000000000" maxy="85.0000000000000000"/>
				<ol:tileSize xmlns:ol="http://openlayers.org/context" width="256" height="256"/>
				<ol:transparent xmlns:ol="http://openlayers.org/context">true</ol:transparent>
				<ol:numZoomLevels xmlns:ol="http://openlayers.org/context">18</ol:numZoomLevels>
				<ol:units xmlns:ol="http://openlayers.org/context">m</ol:units>
				<ol:isBaseLayer xmlns:ol="http://openlayers.org/context">false</ol:isBaseLayer>
				<ol:displayInLayerSwitcher xmlns:ol="http://openlayers.org/context">true</ol:displayInLayerSwitcher>
				<ol:singleTile xmlns:ol="http://openlayers.org/context">false</ol:singleTile>
			</Extension>
		</Layer>
		<Layer queryable="0" hidden="0">
			<Server service="OGC:WMS" version="1.1.1">
				<OnlineResource xlink:type="simple" xmlns:xlink="http://www.w3.org/1999/xlink" xlink:href="http://www2.demis.nl/worldmap/wms.asp"/>
			</Server>
			<Name>Bathymetry,Countries,Topography,Builtup areas,Coastlines,Rivers,Streams,Borders,Cities</Name>
			<Title>Demis World Map</Title>
			<Abstract>None</Abstract>
			<FormatList>
				<Format current="1">image/jpeg</Format>
			</FormatList>
			<StyleList>
				<Style current="1">
					<Name/>
					<Title>Default</Title>
				</Style>
			</StyleList>
			<Extension>
				<ol:maxExtent xmlns:ol="http://openlayers.org/context" minx="-179.000000000000000" miny="-67.0000000000000000" maxx="179.000000000000000" maxy="85.0000000000000000"/>
				<ol:tileSize xmlns:ol="http://openlayers.org/context" width="256" height="256"/>
				<ol:transparent xmlns:ol="http://openlayers.org/context">true</ol:transparent>
				<ol:numZoomLevels xmlns:ol="http://openlayers.org/context">18</ol:numZoomLevels>
				<ol:units xmlns:ol="http://openlayers.org/context">m</ol:units>
				<ol:isBaseLayer xmlns:ol="http://openlayers.org/context">true</ol:isBaseLayer>
				<ol:displayInLayerSwitcher xmlns:ol="http://openlayers.org/context">true</ol:displayInLayerSwitcher>
				<ol:singleTile xmlns:ol="http://openlayers.org/context">false</ol:singleTile>
			</Extension>
		</Layer>
		<Layer queryable="0" hidden="1">
			<Server service="OGC:WMS" version="1.1.1">
				<OnlineResource xlink:type="simple" xmlns:xlink="http://www.w3.org/1999/xlink" xlink:href="http://atlas.gc.ca/cgi-bin/atlaswms_en"/>
			</Server>
			<Name>wld_bound</Name>
			<Title>Boundaries</Title>
			<Abstract>World boundaries.  The representation of political features on this map may not necessarily represent the position of the Government of Canada on international issues of recognition, sovereignty or jurisdiction.</Abstract>
			<FormatList>
				<Format current="1">image/jpeg</Format>
			</FormatList>
			<StyleList>
				<Style current="1">
					<Name/>
					<Title>Default</Title>
				</Style>
			</StyleList>
			<Extension>
				<ol:maxExtent xmlns:ol="http://openlayers.org/context" minx="-179.000000000000000" miny="-67.0000000000000000" maxx="179.000000000000000" maxy="85.0000000000000000"/>
				<ol:tileSize xmlns:ol="http://openlayers.org/context" width="256" height="256"/>
				<ol:numZoomLevels xmlns:ol="http://openlayers.org/context">18</ol:numZoomLevels>
				<ol:units xmlns:ol="http://openlayers.org/context">m</ol:units>
				<ol:isBaseLayer xmlns:ol="http://openlayers.org/context">false</ol:isBaseLayer>
				<ol:displayInLayerSwitcher xmlns:ol="http://openlayers.org/context">true</ol:displayInLayerSwitcher>
				<ol:singleTile xmlns:ol="http://openlayers.org/context">false</ol:singleTile>
			</Extension>
		</Layer>
		<Layer queryable="0" hidden="1">
			<Server service="OGC:WMS" version="1.1.1">
				<OnlineResource xlink:type="simple" xmlns:xlink="http://www.w3.org/1999/xlink" xlink:href="http://vmap0.tiles.osgeo.org/wms/vmap0"/>
			</Server>
			<Name>basic</Name>
			<Title>Metacarta</Title>
			<Abstract>None</Abstract>
			<FormatList>
				<Format current="1">image/jpeg</Format>
			</FormatList>
			<StyleList>
				<Style current="1">
					<Name/>
					<Title>Default</Title>
				</Style>
			</StyleList>
			<Extension>
				<ol:maxExtent xmlns:ol="http://openlayers.org/context" minx="-179.000000000000000" miny="-67.0000000000000000" maxx="179.000000000000000" maxy="85.0000000000000000"/>
				<ol:tileSize xmlns:ol="http://openlayers.org/context" width="256" height="256"/>
				<ol:transparent xmlns:ol="http://openlayers.org/context">true</ol:transparent>
				<ol:numZoomLevels xmlns:ol="http://openlayers.org/context">18</ol:numZoomLevels>
				<ol:units xmlns:ol="http://openlayers.org/context">m</ol:units>
				<ol:isBaseLayer xmlns:ol="http://openlayers.org/context">false</ol:isBaseLayer>
				<ol:displayInLayerSwitcher xmlns:ol="http://openlayers.org/context">true</ol:displayInLayerSwitcher>
				<ol:singleTile xmlns:ol="http://openlayers.org/context">false</ol:singleTile>
			</Extension>
		</Layer>
	</LayerList>	
</ViewContext>